상권_코드_명,Latitude,Longitude,총_유동인구_수
4.19민주묘지역 2번,37.649529,127.0137147,4144696
63빌딩,37.5197159,126.9401255,253168
DMC(디지털미디어시티),37.5777446,126.8921565,2150177
GS강동자이아파트,,,3275207
G타워,37.3961435,126.6342615,1338811
KB국민은행 망원동지점,37.5590622,126.9069211,3578520
KB국민은행 서강지점,37.5442751,126.9352615,832139
KB국민은행 종암동지점,37.5971752,127.0338975,766744
KB국민은행 중화동지점,37.5979772,127.0798476,2198055
KC대학교,37.5483449,126.8547974,906549
KT&G 북부지사,,,623666
KT구로지사,37.4808217,126.9028126,7122028
KT금천빌딩(금천구시설관리공단),37.4457134,126.9026365,292126
KT대방빌딩,,,976827
KT월곡지사,37.6030592,127.0359351,4882019
NH농협은행 보광동지점,37.527406,127.0000035,3011377
NH농협은행 상도동지점,37.5004384,126.93234,2398195
Sh수협은행 오금동금융센터(아랫말어린이공원),37.5047397,127.1373446,1015112
team204(팀204),,,270743
가락시장,37.4933411,127.1097998,123862
가락시장역,37.4923175,127.118104,7032725
가로수길,37.5210566,127.0228686,9595141
가리봉시장,37.4812659,126.8891473,343435
가리봉파출소,37.4791578,126.8926325,4585726
가산동우체국,37.4766861,126.8837772,2645419
가산동주민센터,37.4768498,126.891786,752880
가산디지털단지,37.48089,126.8825735,4504033
가산디지털단지역 1번 출입구,37.48089,126.8825735,1246356
가산초등학교(세일중학교),37.4744613,126.8956746,1725290
가양역 10번,37.561553,126.854244,185040
가오리역 1번,37.641559,127.01681,3988485
가오리역 2번,,,2069272
가인초등학교,37.6601064,127.0434918,1506117
가좌역 2번,,,3892522
가좌역 3번,,,374102
간데메공원,37.5733686,127.0486847,4962209
갈산공원,37.4858318,127.4927273,335856
갈현건영아파트,37.6290538,126.9133907,2283903
강남 마이스 관광특구,37.4966645,127.0629804,451134
강남개포시장,37.488675,127.066479,828385
강남골목시장,37.4966645,127.0629804,1260908
강남구보훈회관,37.5164587,127.0419092,1447723
"강남구청(청담역_8번, 강남세무서)",37.5187481,127.0469012,3312076
강남구청역,37.517473,127.0411685,7588279
강남구청역 2번,,,1159242
강남구청역 4번,37.517473,127.0411685,4111956
강남세브란스병원미래의학연구센터,37.4944418,127.0446597,1187408
강남시장(강남구 강남시장),37.5184859,127.0207167,218778
강남시장(동작구 강남시장),37.5184859,127.0207167,165964
강남언주로,37.5055798,127.0414738,1131514
강남역,37.497952,127.027619,31418667
강남을지병원,37.5193936,127.0285771,6392495
강동구립 천호도서관,37.5405812,127.1340989,5681561
강동구립성내도서관,37.5328621,127.1333521,10118285
강동구청(강동구청역 2번),37.530518,127.120552,1518846
강동구청역,37.53051,127.120535,7018784
강동성심병원,37.5361,127.1353505,1022806
강동역 4번(강풀만화거리),37.5357293,127.1308433,12954086
강변역(테크노마트),37.5355072,127.095505,1233533
강북구청,37.6444906,127.010823,5257963
강북문화예술회관,37.6407764,127.0131584,8230237
강북문화정보도서관,37.6251398,127.0360733,2613269
강북북부골목시장,37.5888087,126.9119476,952768
강북북부시장,37.63616,127.030372,120433
강북종합전통시장(강북종합골목시장),37.5888087,126.9119476,1994666
강북중학교,37.6449188,127.0259441,6312611
강서고등학교,37.5364895,126.8663661,6507633
강서구다솔마을,37.5551901,126.8166969,2208890
강서구청,37.5509103,126.8495742,7546639
강서구청가양동별관,37.5605396,126.8596936,219437
강서구청옆,37.5617969,126.8070377,1022345
강서농산물도매시장,37.5532814,126.8208482,44150
강서새말어린이공원,37.5518955,126.8463291,1278572
강일동주민센터,37.5650504,127.1738009,248692
개나리아파트,,,5266004
개롱역,37.49797,127.135085,6772297
개미어린이공원,37.6205951,127.0777645,1159150
개봉1동주민센터,37.500167,126.8510677,6158325
개봉3동주민센터,37.4859591,126.853845,1954318
개봉동 현대아파트,37.4919863,126.8600665,3467383
개봉역,37.494698,126.858504,2640030
개봉중앙시장,37.4916251,126.8537615,2156895
개봉중학교,37.5027624,126.8419568,2726133
개봉초등학교,37.4897087,126.8584,3253097
개봉프라자(고척근린시장),37.5022222,126.85,30827
개웅초등학교(개웅중학교),37.488153,126.85004,2810215
개포고등학교,37.4846776,127.0596014,1830583
개포지구대옆,37.4797407,127.0511552,2065209
개포지하차도 북측,40.339852,127.510093,12001
개화산역 1번,37.572455,126.806839,215245
거여역,37.493422,127.143597,2597190
거여역 1번(거여공원),37.4968362,127.1416736,8410570
거여역 8번,37.493422,127.143597,492091
거여초등학교,35.9313789,128.9093861,3000999
건대입구역 1번,37.540372,127.069276,7392598
건대입구역 6번,37.540372,127.069276,9989217
건대입구역(건대),37.540372,127.069276,11825941
경기고교사거리(경기고교앞사거리),37.5170678,127.0562145,791095
경기대학교,37.300485,127.035833,2332208
경동고등학교,37.5861997,127.0146321,9398193
경동광성상가(경동시장),37.5436091,126.6750772,610279
경동시장,37.57973,127.03854,289596
경리단길남측,37.538432,126.9875466,5247400
경리단길북측,40.339852,127.510093,3982516
경문고등학교(동작동성당),37.4925398,126.9815837,4907819
경복고등학교,37.5870412,126.9718192,241724
경복아파트교차로,37.5095151,127.0390207,2276818
경성고등학교,37.5630964,126.9194615,11768611
경수초등학교,37.326876,126.8507661,4601176
경신고등학교,37.5921987,127.0002166,2172198
경의선책거리,37.5562492,126.9292978,6234777
경의중앙 신촌역,,,2426458
경찰병원역,37.495701,127.124206,8688544
경찰병원역 3번,37.495701,127.124206,3728144
경찰병원역 4번(건너말공원),37.4919632,127.124013,1484809
경찰청앞교차로,37.5620074,126.9696371,1586206
경창시장,37.5247396,126.842636,804509
경춘선숲길 우측,37.6197458,127.081482,6092773
경향신문사,,,111741
경희대삼거리,,,8613477
경희대학교(경희대),,,4733153
경희대후문,,,6600682
계남근린공원,37.5138397,126.84836,2067162
계상초등학교,37.66271,127.0682669,2990257
고대앞사거리,37.5863945,127.0328247,3969268
고덕 골목형상점가,,,530593
고덕동성당,37.5638217,127.1582312,1208061
고덕역,37.555051,127.15411,2026782
고덕중학교(고덕2동주민센터),37.5601498,127.1608982,787083
고려대역 4번,37.590403,127.035926,3238722
고려대역 6번,37.590403,127.035926,7259527
고분다리전통시장,37.5422408,127.1317025,633833
고산초등학교,37.7262553,127.1071071,130819
고속터미널(고속터미널역),37.5049142,127.0049151,2446037
고척골목시장상점가(그라운드 고척),37.498931,126.8670866,297734
고척근린시장,37.5022222,126.85,1174617
고척동성당,37.5050267,126.858236,2622793
고척중학교,37.5000407,126.8619493,224948
고척초등학교,37.5006668,126.8569942,4196821
고척프라자,,,117423
곰달래도서관,37.5290634,126.8491593,8423288
공군호텔,37.5101062,126.9237118,4666883
공덕동주민센터,37.5501476,126.9599995,2531449
공덕래미안3차아파트,,,1541583
공덕시장,37.5450726,126.9533388,147044
공덕역(공덕오거리),37.54308,126.953343,5959729
공릉동 국수거리,37.6304722,127.0909904,8100042
공릉동 도깨비시장,37.6225575,127.0759584,2760815
공릉역,37.6304722,127.0909904,2583363
공릉역 2번,,,5538562
공항고등학교,37.5700213,126.8183989,1544395
공항시장,37.5623155,126.8086965,1842615
공항시장역 1번,37.5623155,126.8086965,6384622
공항시장역 3번,37.5623155,126.8086965,1039603
관성묘,37.5608518,127.0031006,774389
관악구 중앙길,37.4852034,126.9511602,18088208
관악구신사동주민센터,37.4853658,126.9180914,7757658
관악동부센트레빌아파트(은천로35라길),37.4880919,126.9531408,1116952
관악소방서(문영여고),37.4734279,126.9510634,347557
관악신사시장,37.4875827,126.9164624,2322734
관악우성아파트,37.4855444,126.9596403,748282
관악종합시장(신원시장),37.4815721,126.9283657,287433
관악중부시장,37.484551,126.9559164,1535046
관악해태어린이공원,37.4724901,126.9406147,4704879
광나루역 1번,37.545339,127.103623,1733602
광산사거리,37.6431651,127.0222964,2285392
광운대역 1번,37.6237325,127.061817,1927050
광운대학교 남단,37.6194277,127.05982,3462632
광장시장(광장전통시장),37.5700398,126.9996036,2163684
광진경찰서,37.5428231,127.0838395,2088267
광진구청,37.5566535,127.0782542,3960535
광진정말공원,37.5307355,127.0813216,6537459
광진정보도서관,37.5510185,127.1105699,937872
광진초등학교,37.547678,127.0914034,3905126
광화문역,37.5696765,126.976177,5092817
광흥창역 1번,37.547478,126.931855,1225266
광흥창역 6번,37.547478,126.931855,1167329
교대역(법원.검찰청),37.493231,127.012809,18046572
교대입구교차로,,,8200262
교육개발원입구사거리,,,1817695
구남초등학교,37.5371411,127.0922745,1464030
구로119안전센터,37.4941531,126.8825364,4967481
구로4동주민센터,37.4915702,126.889147,5768317
구로구민회관,37.497057,126.8895588,1196632
구로구청,37.4954703,126.8876391,2904066
구로나눔길,37.4944134,126.8563336,1732964
구로디지털단지,37.485215,126.901594,2982942
구로디지털단지역,37.485215,126.901594,6184237
구로디지털단지역 4번,37.485215,126.901594,5128869
구로보건소,37.4944134,126.8563336,11474665
구로세무서,37.513457,126.899812,1185958
구로시장,37.4902025,126.8847436,3117421
구로역,37.5031784,126.8820367,2731150
구로전화국,37.564586,126.840376,3045813
구로창업지원센터,37.4944134,126.8563336,4246407
구로초등학교,37.4968922,126.885956,5095441
구립대학경로당(관악산샘말공원),37.4429385,126.9610024,18920309
구반포역,37.501431,126.987427,95871
구산보건지소,,,6257141
구산역,37.610743,126.917852,1843133
구산역 1번,37.610743,126.917852,7111314
구산역 2번,,,3964762
구산역 4번,37.610743,126.917852,6197735
구산초등학교,,,2009501
구삼강변맛길,,,4580199
구세군강북종합사회복지관,37.6256393,127.0134088,845014
구암초등학교,,,862219
구역삼세무서,37.4982503,127.0300905,9343844
구의1동주민센터,37.5424342,127.0856919,7581639
구의사거리,37.545814,127.086256,3195580
구의역,37.537153,127.086152,5587349
구의역 4번,37.5536949,127.0995445,14422240
구파발역,37.636581,126.918833,1246937
국기원,,,1988258
국립4.19민주묘지,37.6484962,127.0076599,124760
국립국악고등학교,37.4763805,127.051326,1753717
국립재활원,37.6391706,127.0106175,4073159
국립정신건강센터,37.5650705,127.0856347,3011751
국민대학교앞,,,156239
국민은행방학지점,,,163842
국악고교사거리,37.474642,127.047976,1861007
국제신학대학원대학교(남서울중학교),37.4820224,126.9213088,5013962
국회의사당역(국회의사당),37.528128,126.917853,1740491
군자역,37.5573355,127.079589,9958479
군자역 4번,37.5573355,127.079589,1822586
군자역 5번,37.5573355,127.079589,3986911
군자초등학교,37.343892,126.7873832,1568223
굽은다리역,37.545539,127.142906,2762074
굽은다리역 1번(십자성마을),37.545539,127.142906,7232445
굽은다리역 2번,37.545539,127.142906,5691054
굽은다리역 3번,37.545539,127.142906,2442934
굽은다리역 4번,37.545539,127.142906,15955479
그라운드 고척,37.498931,126.8670866,949874
금강수목원아파트,37.488375,126.832291,344199
금남시장,37.5483989,127.0225213,1797919
금동어린이공원,37.5497401,127.0256096,3198534
금북초등학교,37.5574688,127.0234901,708026
금빛새마을금고본점,37.5193215,126.8439946,707290
금산초등학교(금천고등학교),37.4605655,126.9008183,2302955
금천구립가산도서관,37.4734934,126.8921255,2328005
금천구청역 1번 출입구,37.455645,126.894003,1518232
금천금빛공원(은행나무사거리서측),37.4521586,126.9060353,805223
금천세무서,37.4779739,126.8997714,3990888
금천어울림복지센터,37.4569401,126.8976095,1129016
금천철쭉어린이공원(금하마을),37.454169,126.891581,1384216
금천파출소,37.45429,126.89977,166142
금천해태공원,37.4605655,126.9008183,6982420
금호사거리,37.5480101,127.0257709,265594
금호삼성래미안아파트,37.5489545,127.0271319,1354313
금호역,37.54826,127.015789,3883575
길동복조리시장,37.5389915,127.1435204,2166509
길동신동아아파트,37.5397356,127.1493147,755939
길동역,37.537776,127.140009,17163515
길동주민센터(강동도서관),37.5344625,127.142715,13373101
길상사,37.5988548,126.9943511,278246
길음시장,37.6025525,127.0217244,162956
길음역 10번,37.603245,127.024959,175671
길음역 7번,37.603245,127.024959,2893123
길음역 8번,37.603245,127.024959,4003762
김포공항역(김포공항),37.56224,126.801396,40811
까치산시장,37.5315242,126.8478748,4187453
까치산역,37.5317675,126.8467055,10841896
까치산역 1번,37.5317675,126.8467055,7882701
까치산역 3번,37.5317675,126.8467055,23604584
까치산역 4번,37.5317675,126.8467055,10713318
꿈의숲 장곡 골목형상점가,,,722065
낙성대역 1번(관악구민 종합체육센터),37.477117,126.963418,7140636
낙성대역 5번(관악중학교),37.477117,126.963418,3520924
낙원시장(낙원지하시장(대일상가)),37.5730559,126.9880152,465769
난곡 골목형상점가,,,379138
난곡중학교,37.4774334,126.9110341,4126801
난곡초등학교(난곡동벽화마을),37.4692635,126.9166459,1770561
난우중학교,37.4665737,126.9224782,4743087
난우초등학교,37.477128,126.9175336,3221806
난향초등학교,37.4622965,126.9175895,2165615
남가좌동현대아파트,37.574874,126.92042,252737
남가좌파출소,,,6351964
남강고등학교(남강중학교),37.4722893,126.9253412,8824579
남구로시장,,,2960526
남구로역 2번,,,11548714
남구로역 3번,37.486087,126.887272,9248055
남구로역 5번,37.486087,126.887272,10699380
남대문시장(자유상가),,,8824535
남문시장,,,916867
"남부골목시장(남부화곡시장, 남부시장)",37.548518,126.850256,2550179
남부종합시장,37.533009,126.8589543,125840
남부초등학교,37.858713,127.726473,2817858
남부터미널역,37.484918,127.01629,5077538
남부터미널역 1번,37.484918,127.01629,6463518
남산골공원옆,37.5581041,126.9938418,850815
남산케이블카,37.5565908,126.9839744,1293374
남서울상가,37.4934619,127.0597692,151769
남성사계시장(남성시장),37.4880894,126.9805176,3788479
남성역 1번,37.484876,126.970673,10777619
남성역골목시장,37.483708,126.972703,2246496
남영동 먹자골목,37.543545,126.9725876,745210
남영역 1번,37.540597,126.971171,6828566
남정초등학교,35.211225,128.6920372,240273
남천초등학교,,,5237789
남태령역(서울전자고등학교),37.464237,126.989097,189124
내를건너서숲으로도서관,37.5915988,126.9081306,613887
내방역,37.487707,126.993598,5402590
내방역 1번,37.487707,126.993598,3717757
내방역 4번,37.487707,126.993598,2893281
내방역 5번,37.487707,126.993598,1756642
내방역 6번,37.487707,126.993598,1057244
내방역 8번,37.487707,126.993598,2347912
노량진역 6번,37.514082,126.941687,7278814
노량진역(노량진),37.514082,126.941687,6577135
노량진중앙시장,37.5119575,126.9447243,699172
노량진초등학교,37.511263,126.940669,2352003
노룬산시장(노룬산골목시장),37.5365011,127.0648221,353172
노원 을지대학교병원,37.6363293,127.0697068,420654
노원역,37.654527,127.060551,18843360
노원역 9번,37.654527,127.060551,3433746
노원초등학교,37.6732176,127.0583753,3586097
녹두거리(대학동),37.4590852,126.9442144,2952781
녹번동근린공원,37.6035017,126.9320285,2256588
논현2동주민센터,37.5172918,127.0372351,6886271
논현로18길,37.4774954,127.0465594,648958
논현목련공원,37.5108353,127.0266972,839475
논현역,37.510163,127.021483,9973597
논현역 4번,37.510163,127.021483,7496360
논현역 5번,37.510163,127.021483,1552304
논현역 7번,37.510163,127.021483,779686
논현종합시장,37.5136787,127.0317124,123701
논현초등학교,37.508376,127.026133,10605099
누원고등학교,37.6850772,127.0504591,376169
능동로골목시장,37.5505785,127.0817378,925452
능동우편취급국,,,3782940
다산성곽길,37.5549441,127.0055976,2352915
달마을공원,37.5432522,126.8681942,2019421
답십리 건축자재시장,37.5710195,127.0566992,3088189
답십리 장령당공원,37.5710195,127.0566992,1290773
답십리공원,37.5743965,127.0634054,2042460
답십리사거리,37.5728688,127.057406,5100272
답십리시장,37.5729799,127.0582671,1179012
답십리역 6번,37.567072,127.052382,2396402
답십리초등학교,37.568765,127.0554461,3915458
답십리현대시장,37.5667457,127.0589609,2169578
당고개역 2번,,,5171451
당고개역 5번,37.67026,127.079011,4149755
당곡중학교,37.4920597,126.9331288,2355319
당산2동(영등포우체국),37.5216841,126.8985127,2389831
당산반도유보라팰리스아파트,37.5268539,126.9016456,2118983
당산역,37.5340278,126.9019901,4483402
당산역 13번,37.5364736,126.9040058,348412
당산역 8번,37.5340278,126.9019901,1776380
대광초등학교,37.5789816,127.0237026,1544683
대동초등학교,37.4931391,126.9000037,1159047
대림1동주민센터,37.495431,126.905812,2623059
대림3동사거리,37.4998471,126.8977292,3363916
대림갑을명가아파트,,,593976
"대림골목시장(대림시장, 양지시장)",37.5888087,126.9119476,867338
대림상가(청계상가),37.5680476,126.9953684,287566
대림성모병원,37.4906357,126.9071846,2369304
대림썬프라자,37.496457,126.9080686,111272
대림역,37.4925043,126.8949615,7816113
대림역 11번,37.493474,126.897993,1714382
대림역 2번,,,3687138
대림역 5번,37.4925043,126.8949615,5038622
대림중앙 골목형상점가,,,1340577
대림중앙시장,37.4915718,126.8997046,1854366
대림차이나타운(대림역 12번),37.4923934,126.8974921,2597957
대림한신아파트,,,5005592
대명여울빛거리시장(대명시장),35.8584463,128.5774654,755874
대방역 3번,37.5125541,126.9263706,868775
대방역 4번,37.5125541,126.9263706,1484799
대방역 6번,37.5125541,126.9263706,3562471
대신고등학교,37.5735005,126.9618841,2615210
대신시장,37.5112289,126.9175497,153918
대왕초등학교(세곡동사거리서남측),37.4647718,127.1082653,302725
대원고등학교,37.5631103,127.0896288,1838421
대원종합시장,,,221249
대조시장,37.6104861,126.9288072,2748708
대진고등학교,37.6375834,127.0754302,1759099
대청초등학교,35.2352727,129.2102108,7419896
대치2동주민센터,37.5022464,127.0641595,3456182
대치동아우편취급국,37.4991887,127.0633458,2520436
대치사거리,37.503044,127.0586024,5835454
대치역,37.4991887,127.0633458,1985062
대학로(혜화역),37.5782763,127.0016013,14674468
대현산장미원,37.551868,127.028854,2065440
대흥동주민센터,37.555841,126.94239,4369452
대흥역 2번,,,10258677
대흥역 3번,37.547674,126.942332,4748363
더케이호텔(양재리본타워2단지아파트),37.4661195,127.0326724,811878
덕산중학교,,,1929642
덕성여대시반거리,37.6512976,127.0165728,311583
덕수교,37.6513008,126.8981416,3690917
덕의초등학교,37.5062766,126.8567988,1838697
도곡1동,37.4885906,127.0452757,4399455
도곡2동주민센터(대치중학교),37.4841743,127.0477298,58161
도곡시장,37.4973378,127.0516327,364807
도곡초등학교,37.498989,127.054575,7910447
도림2동유수지내체육시설,37.5095782,126.9017319,1037359
도림동주민센터,37.509429,126.895924,906811
도림시장,37.5097903,126.89834,192146
도림초등학교,,,4312187
도봉구 정병원,37.66193,127.041909,2731159
도봉구민회관,37.6541023,127.0386268,664090
도봉구보건소,37.6579784,127.038792,5128767
도봉산역 1번,37.689596,127.0461945,864903
도봉산입구,37.687041,127.040703,6200191
도봉세무서,37.6197097,127.0282248,5176568
도봉역 2번,,,4257418
도봉역 3번,37.679441,127.045521,2177870
도봉우체국,37.6649247,127.0360556,3138288
도산공원교차로,37.5244813,127.0353667,3004203
도산공원북측,40.339852,127.510093,536465
도성초등학교,37.5013049,127.0489326,3470424
도신초등학교,37.4988358,126.900567,3252970
도화동 상점가,37.5389594,126.9491776,5249902
독립문역 1번,37.574453,126.957918,2203238
독산119안전센터,37.467851,126.8982579,3502051
독산2동주민센터,37.4630913,126.9035506,2021525
독산동,37.4674733,126.8982935,3968034
독산동 맛나는거리상점가(독산동 맛나는거리),37.4625204,126.8902608,664985
독산동 우시장,37.46649,126.8967303,658240
독산동성당,37.4674733,126.8982935,6900485
독산동정훈단지,37.4646,126.902931,1709378
독산역 1번 출입구,37.4659942,126.8895083,1706543
돈암시장(돈암제일시장),37.5917364,127.0159469,2682007
돈의문센트레빌아파트입구,37.5659879,126.9607159,502720
돌곶이시장(석관황금시장),,,1611308
돌곶이역 1번,37.610493,127.056403,3542681
돌곶이역 3번,37.610493,127.056403,1143620
돌곶이역 5번,37.610493,127.056403,2627054
돌곶이역 8번,37.610493,127.056403,4562603
동교초등학교,37.5582046,126.9023504,4361936
동구여중,37.5935994,127.0071028,1082347
동남상가,35.1932836,129.0665416,164741
동대문경찰서,37.5850615,127.0457679,1513011
동대문구청,37.5742015,127.0398327,6264414
동대문문구완구거리(동대문문구완구시장),37.5719106,127.0127162,2388794
동대문상가A동,37.570035,127.010827,135860
동대문상가B동,37.5819561,127.054846,135860
동대문상가C동,37.5819561,127.054846,134422
동대문상가D동,37.5819561,127.054846,116706
동대문역,37.571731,127.011069,3822511
동대문역 1번,37.571731,127.011069,12480413
동대문역 3번,37.571731,127.011069,596852
동대문역사문화공원역,37.565682,127.008953,14402847
동대문역사문화공원역 5번,37.565682,127.008953,2507528
"동대문종합시장(동대문종합시장 신관, 동대문종합시장D동상가)",37.5706612,127.0072579,222339
동대문중앙새마을금고본점,37.5819561,127.054846,854330
동대문패션타운 관광특구,37.5675841,127.0122873,13516707
동대부고,37.5780356,127.07475,3310861
동대부여고,37.5426305,127.0868252,9576914
동덕여대,37.6068163,127.0423832,131060
동묘시장(동묘벼룩시장),37.5732171,127.0176409,1768964
동묘앞역 2번,37.573246,127.016589,5480548
동묘앞역 3번,37.573246,127.016589,1378003
동묘앞역(동묘),37.573246,127.016589,3086941
동문시장,33.5120448,126.5282794,149661
동부시장,,,195436
동북프라자,37.6201744,127.0186462,276693
동서시장,35.8859625,128.6339412,237288
동성타워프라자,36.8019915,127.1189216,103122
"동원전통종합시장(동원시장, 동원전통시장 상점가)",,,4007011
동의보감타워,37.5778101,127.0376661,966554
동의초등학교,37.5535301,127.0989046,506076
동일여자고등학교,37.4513899,126.916402,1014895
동작구자원봉사센터,37.508014,126.946946,652472
동진시장,37.5622222,126.9266667,198887
동평화시장,37.4663542,126.6461731,264611
동화동 골목형상점가,37.5610802,127.0180792,5653228
두산초등학교,37.4671638,126.8910112,749124
둔촌2동주민센터,37.5333196,127.1418989,1558318
둔촌고등학교(둔촌중학교),37.5306477,127.1463341,1546922
둔촌동역 1번(한산중학교),37.52832,127.14001,14678298
둔촌동역 3번(성내3동주민센터),37.527692,127.136247,3719051
둔촌동역 4번,37.527657,127.136231,1953479
둔촌역,37.527657,127.136231,4904607
둔촌역전통시장,37.5279312,127.1350664,1234073
둔촌푸르지오아파트,37.5341192,127.146446,1111090
등나무근린공원,37.6404718,127.0670976,1135496
등마루시장,,,146904
등촌1동주민센터,37.5558118,126.8588981,7769014
등촌3동주민센터,37.558839,126.8478991,3041760
등촌역,37.5512414,126.8645132,6015437
등촌역 1번,37.5512414,126.8645132,820214
등촌역 4번,37.5512414,126.8645132,2056358
등촌역 7번,37.5512414,126.8645132,1793560
디지털단지오거리,37.4793494,126.889925,785913
떡전교사거리,37.5856171,127.0514618,3677228
뚝도시장,37.5383729,127.0537407,2383726
뚝섬역,37.547206,127.047405,11019318
뚝섬역교차로,37.547206,127.047405,914456
뚝섬역상점가,37.547206,127.047405,1927039
뚝섬유원지역 1번,37.531544,127.066708,774555
뜸부기어린이공원,,,3260941
러스크서울병원,37.6001103,127.1043205,3519634
로데오거리상점가,34.0677844,-118.4016258,1893031
롯데백화점(시청광장 지하쇼핑센터),,,468464
르네상스호텔사거리,37.5025438,127.0427428,7954478
리움미술관,37.5378932,126.9993937,856817
마곡역(마곡),37.5706297,126.8298909,648327
마들역,37.665375,127.057614,449373
마장역 2번,,,1245716
마장역 3번,37.566127,127.042965,3472353
마장지하차도,,,690971
마장축산물시장,37.570106,127.0378173,4451075
마전교지하쇼핑센터(구 한일상가),,,243091
마천1치안센터,37.4964724,127.1549767,1105696
마천공원,37.5016584,127.1457692,2559347
마천시장,,,327923
마천역(마천초등학교),37.495027,127.152806,7920448
마천중앙시장,37.4985346,127.1512503,2737486
마포FM,37.56105,126.917749,3984596
마포경찰서,37.550814,126.954028,446712
마포구청역 1번,37.563418,126.903472,2271354
마포구청역 4번,37.563418,126.903472,4800466
마포구청역 7번,37.563418,126.903472,5721128
마포농수산물시장,37.565086,126.8981388,38069
마포시장,37.5451854,126.9534338,323977
마포역,37.539705,126.94604,3445051
마포역 4번,37.539705,126.94604,1411055
만리시장,37.5513975,126.9635269,80177
만리재,,,6641338
만양로상점가,37.5086414,126.9464949,390186
말미고개,37.4644055,126.897519,3813227
망리단길,37.5535996,126.9059535,19351605
망우3동주민센터,,,2234500
망우본동주민센터,37.6005867,127.1015064,3308470
망우역 1번,37.6061029,127.1141776,1927418
망우역 2번,37.6102547,127.1128149,5134361
망원나들목체육관,37.5527057,126.9007726,2364196
망원시장,37.5559764,126.9064303,1123450
망원역,37.5554884,126.8998606,2100449
망원역 1번,37.5560685,126.910091,3989767
망원월드컵시장,,,785681
매봉역,37.487035,127.046918,2270412
매봉역 1번,37.487035,127.046918,1263353
먹골역 1번,37.61078,127.077707,8936797
먹골역 5번,37.61078,127.077707,4268768
먹골파출소,,,2210465
메가박스 상봉,37.5932324,127.0746815,3836910
메디힐병원,37.537254,126.8280387,2469623
면곡골목시장,,,275272
면동초등학교,37.5848764,127.0865909,3059742
면목2동체육관,37.5897551,127.0789319,6443356
면목5동주민센터,37.5857565,127.0795146,2077356
면목골목시장(면목시장),,,2177505
면목동우체국,37.5823776,127.0892215,6376123
면목역 1번,37.588745,127.087494,5335121
면목역 2번,,,11729380
면목역 3번,37.588745,127.087494,5465257
명동 남대문 북창동 다동 무교동 관광특구,37.5681575,126.9790126,28675584
명동(명동거리),37.5637699,126.9844765,6915272
명동역(명동재미로),37.5604952,126.9854892,3084116
명일역,37.55131,127.144014,5894190
명일역 1번,37.5546371,127.1490599,2263602
명일전통시장,37.5494928,127.1449736,1214542
명지대학교,37.5802219,126.9226047,6789722
명지대학교교회,37.5825661,126.9250945,7127864
명지전문대,37.5846465,126.9251874,398582
모래내시장(서중시장),,,504097
모래내우체국,37.5759491,126.912309,3350285
목2동시장,37.5461188,126.8727304,1921571
목4동주민센터,37.5323854,126.8684492,1346103
목동깨비시장(목3동시장),37.5490041,126.8645175,1429210
목동로데오거리,37.5280478,126.8614966,1629059
목동문화체육센터,37.5427302,126.8691753,1977970
목동보건지소,37.549568,126.867566,8145401
목동사거리,37.533251,126.863841,2756817
목동센트럴아이파크앞,37.5360367,126.8745334,222600
목동신시가지,,,4797829
목동역 5번,37.526072,126.864301,708292
목동역 8번출구,37.526072,126.864301,4932947
목사랑시장(목4동시장),37.5375879,126.866191,1288040
몽촌토성역,37.517641,127.11274,4073493
묘곡초등학교(고덕아이파크아파트),37.5589118,127.155157,3365863
무너미어린이공원,37.6398044,127.0236096,3189229
무학봉상점가,,,4756230
묵1동도깨비시장,,,469894
문래동남성맨션,37.516637,126.891505,777135
문래동사거리,37.5131232,126.8972567,1393388
문래동주민센터,37.5170672,126.8995064,517677
문래소공원,37.5197053,126.886865,1259118
문래역 3번,37.517989,126.894808,245283
문래역(문래로데오거리),37.516637,126.891505,141432
문래예술촌(문래창작촌),37.5141382,126.8974144,13753613
문래중학교,37.5201509,126.8842316,993136
문성초등학교,37.4745882,126.8993532,3050026
문이교,37.6576387,127.0145588,363345
문정동 로데오거리 상점가(문정동 로데오거리),37.4889349,127.121524,2622731
문정동성당,37.4855846,127.1225635,181999
문정역,37.4855846,127.1225635,2014359
문정역 1번,37.486657,127.122462,3507470
문정역 2번,37.486315,127.12263,3830167
문정초등학교,37.4891859,127.128957,3734882
문현중학교(장지역 1번),37.4805468,127.1279339,3463460
미근동,37.5633354,126.9672856,1170946
미림여고,37.466739,126.9332831,2561886
미성동 도깨비시장 골목형상점가,37.4760244,126.9159893,1172009
미성동주민센터,37.4761356,126.9155405,4543902
미성초등학교,37.4776652,126.9122091,3425432
미아사거리,37.613251,127.030084,1334337
미아사거리역,37.613251,127.030084,4924914
미아사거리역 3번,37.613251,127.030084,3282020
미아역,37.626453,127.026119,7220909
미아역 5번,37.626453,127.026119,7416559
미아역 8번,37.626453,127.026119,6072503
미아초등학교,37.6105142,127.0215272,788645
바우뫼공원,37.4746859,127.0344666,1042988
박미시장(기능상실),,,53779
반포4동주민센터(몽마르뜨공원),37.4950995,127.0035246,1599394
발바닥공원,37.6593285,127.0294459,401025
발산역 5번,37.558683,126.837595,1272619
발산역(마곡),37.558683,126.837595,4699095
밤나무골시장,37.609485,127.035654,238950
방배노인종합복지관(이수중학교),37.4808274,126.9904099,1532262
방배동가구거리(사당동가구거리),37.4794939,126.9931207,1528897
방배동사이길,37.493411,126.990286,609357
방배동카페골목,37.491574,126.987252,1953259
방배배수지체육공원,37.4733242,126.9925541,72804
방배아이파크아파트,37.4916274,126.9847765,3210201
방배역,37.4794939,126.9931207,3823124
방배역 1번,37.4944682,126.9933155,158566
방배역 2번(백석예술대학교),37.4806731,126.996636,203585
방배역 3번,37.481512,126.997638,4137804
방배초등학교,37.485682,126.986358,3461679
방산종합시장(방산시장),37.5687294,127.0008004,4155281
방신전통시장,37.569951,126.812706,329953
방아다리근린공원(횃불트리니티신학대학원대학교),37.4790718,127.0333613,277450
방이동고분군(방산고등학교),37.508227,127.1204817,942789
방이동먹자골목,37.5143852,127.1093696,6567935
방이시장,37.5103799,127.1175542,3951385
방이역,37.508559,127.12596,1215952
방이역 1번,37.5122615,127.1135285,1604824
방이역 2번,37.5109632,127.112736,5479269
방이역 4번,37.5160293,127.1159252,10076496
방천골목시장,,,1285390
방학1동주민센터,37.6641869,127.0406368,4993763
방학동도깨비시장,37.665598,127.035424,964013
방학역 1번,37.66747,127.044295,5900764
방학역 2번,37.6711562,127.0387579,2733875
방학중학교,37.665577,127.0313997,4712370
방학초등학교,37.6640285,127.0321675,2240246
방현초등학교(방배119안전센터),37.4762853,126.9902691,3424344
방화역 1번,37.5845325,126.8269158,2229723
방화역 2번,37.5870341,126.8171701,2575898
방화역 3번,37.5875557,126.8173651,2747023
방화초등학교,37.5688612,126.8069535,2520592
배꽃어린이공원,37.6258907,127.09279,327603
배문고등학교,37.5501896,126.9643548,9045797
배화여자대학교(박노수미술관),37.5779167,126.9676798,5134200
백련산해모로아파트,37.5960621,126.9232853,2449459
백련시장,37.5771409,126.9231309,208548
백산초등학교,,,1632209
백석중학교,37.548223,126.8590735,2923919
백운시장,37.6554309,127.0150337,306704
백학시장,37.5631497,127.0190592,3199892
뱅뱅사거리,,,9354622
버티고개,37.548111,127.00714,2889996
번동시장,37.6214182,127.04785,55614
번동주공2단지,37.629038,127.0367452,1705145
벌말어린이공원,37.6297222,127.04,4058210
법제교육센터(버들어린이공원),37.4733065,127.0455815,1909046
베르사이유1아파트,,,3454400
보광시장,,,95836
보라매공원,37.4932342,126.9197115,5364261
보라매동주민센터(당곡고등학교),37.4916265,126.9346703,629160
보라매역,37.499929,126.920282,3525782
보라매역 2번,,,5671240
보라매역 4번,37.499929,126.920282,2164437
보라매역 6번,37.499929,126.920282,5554172
보문역 4번,37.585331,127.019391,4089566
보문역 5번,37.585331,127.019391,8239199
보문역 8번,37.585331,127.019391,1181254
보인중학교,37.4981555,127.1379691,2486259
본동인정시장(기능상실),,,826203
본마을노인복지센터(서초구립내곡도서관),37.4519598,127.0543743,123009
본서부병원,37.600696,126.9225682,3074073
봉원사,37.5719909,126.947403,566767
봉은사역,37.514221,127.060266,1758088
봉은사역 4번,37.514221,127.060266,2487246
봉일시장,37.4859328,126.9384201,264577
봉천역 1번(관악초등학교),37.4806002,126.9433087,3455023
봉천역 4번(봉천110안전센터),37.4885514,126.9341299,3261961
봉천역 6번,37.482476,126.941574,1927061
봉천제일종합시장,37.4808559,126.9449991,90349
봉천중앙시장,37.4840722,126.9541686,396410
봉천현대시장,37.4867033,126.9462412,455124
부암동주민센터,37.5923925,126.9640257,31177
북가좌2동주민센터,37.5814321,126.9111597,4145258
북가좌초등학교,37.5774792,126.9074665,1174545
북정마을,37.5925039,126.992438,1121160
북창동(시청역_6번),37.5624528,126.978205,4543777
북촌(안국역),37.576556,126.985472,3045531
북한산보국문역 1번,37.612216,127.008154,805418
북한산보국문역 2번,37.612216,127.008154,5498479
북한산우이역 2번,37.662909,127.012798,894356
불광먹자골목 골목형상점가,,,1139171
불광역,37.6105025,126.9298435,2259146
불광역 3번,37.6244261,126.9363037,1818676
불광역 7번,37.623483,126.9333779,13318365
불광역 8번,37.6167742,126.9341085,578810
불광중학교,37.623123,126.9316525,265807
비단길현대시장(현대시장),,,2096860
사가정시장,37.5810464,127.0893727,3762493
사가정역,37.580966,127.088503,1314619
사가정역 1번,37.580966,127.088503,6108622
사가정역 4번,37.580966,127.088503,5986844
사근동살곶이상점가,37.5538872,127.0478435,3997107
사당1동먹자골목상점가(사당1동먹자골목),37.4798074,126.9772568,3375480
사당5동주민센터,37.4856278,126.9669729,1944387
사당시장,37.482795,126.9749444,159510
사당역 10번,37.476559,126.981633,10157088
사당역 11번(사당역먹자골목),,,6220788
사당역 4번,37.476559,126.981633,9749352
사당역(사당),37.4798074,126.9772568,8663959
사당종합체육관,37.492789,126.9696156,1481100
사직공원(한국사회과학도서관),37.575802,126.9676091,3605808
삼각산119안전센터,,,273187
삼각지역,37.5350315,126.9734515,3310202
삼각지역 14번,37.5350315,126.9734515,328316
삼각지역 3번,37.5350315,126.9734515,1001128
삼광초등학교,37.5472363,126.9766841,2245273
삼구시장(로타리상가),,,185601
삼선동주민센터,37.5908385,127.0146658,11653683
삼선중학교,37.5912545,127.0075771,5992134
삼성동 시장(삼성동시장),37.4706472,126.9325262,4902301
삼성산자연공원(서울금천초등학교),37.4544889,126.9106343,5574447
삼성역,37.508861,127.063149,4249183
삼성전자서울R&D(서울우면초등학교),37.4645759,127.0237457,95725
삼성중앙역,37.5128889,127.0526509,9091416
삼성중앙역 5번,37.5128889,127.0526509,863534
삼성중앙역 7번,37.5128889,127.0526509,978216
삼양골목시장(삼양시장),,,632232
삼양사거리역 1번,37.621341,127.020507,4844036
삼양사거리역 2번,37.621341,127.020507,6598356
삼양입구사거리,37.6171129,127.0297686,2797062
삼육보건대학교,37.589321,127.064443,6154167
삼익패션타운(남대문시장),37.5600924,126.9789298,326735
삼전역 1번,37.503881,127.089114,8996784
삼전역 3번,37.503881,127.089114,5976143
삼전역 4번,37.503881,127.089114,8626522
삼청동,37.5907651,126.9810164,1214528
삼호가든사거리,37.5046818,127.0103848,4527046
상계2동주민센터,37.6574151,127.0678763,6645099
상계3동4동주민센터,37.6813076,127.0781374,1207993
상계5동주민센터,37.6629135,127.0693745,14316364
상계백병원,37.6485082,127.0631429,935850
상계역,37.660566,127.073202,1992031
상계역전종합상가,37.6614694,127.0736242,760260
상계제일중학교,37.661342,127.0777604,1958874
상계주공1단지(가)상가,37.647644,127.062562,71873
상계중앙시장,37.6592473,127.0700968,4466229
상계초등학교,37.6593115,127.0662421,9329529
상도1동주민센터앞,37.4980427,126.953085,532822
상도4동주민센터,37.4993682,126.9414865,2231944
상도도깨비 골목형상점가,,,587320
상도약수골목형상점가,,,926785
상도역 1번,37.5080203,126.9517264,726930
상도역 2번,37.5068005,126.9504677,2272845
상도역 5번,37.503072,126.947753,5641710
상도전통시장,37.503072,126.947753,1021418
상도초등학교,37.50007,126.93717,2280847
상봉역,37.5972353,127.0859765,6645186
상봉역 3번,37.5984717,127.0871082,7481339
상봉역 4번,37.6070522,127.091189,8587307
상봉역 7번,37.6067539,127.0875982,8213311
상수역 3번,37.547736,126.92296,719376
상수역 4번,37.547736,126.92296,3000867
상수역(홍대),37.5466701,126.9244874,4221665
상신초등학교입구,,,1716033
상암동상점가,37.5791192,126.8902941,5098336
상왕십리역 3번,37.5645,127.028872,2925316
상왕십리역 6번,37.5645,127.028872,4002993
상월곡역 1번,37.6066,127.048862,5522361
상월곡역 2번,,,3844026
상월곡역 3번,37.6066,127.048862,4220592
상일여고(상일초등학교),37.5471517,127.1723531,3510859
새남터성지,37.5250493,126.9570063,2341338
새마을시장,37.5088338,127.0867713,3656103
새석관시장,,,143202
새절역 2번,,,978786
새절역 3번,37.591014,126.913582,2886930
새터산,37.5656876,126.9050972,3515287
샘말어린이공원,,,1989428
샤로수길,37.478539,126.9556069,15331268
서강대역 1번,37.552167,126.935445,7749965
서강대학교,37.5509442,126.9410023,244397
서경대학교,37.6148855,127.0133508,6277944
서교동(홍대),37.552625,126.924152,10097682
서교시장,37.553745,126.9218915,366250
서대문구보건소별관,37.582618,126.936333,5153601
서대문구청,37.5792607,126.9364946,106793
서대문소방서,37.5731167,126.9362526,793025
서대문역,37.56577,126.96665,4909190
서대문우체국,37.5608138,126.9321452,2971028
서래마을카페거리(서래마을),,,3548910
서래초등학교,37.4962335,126.9893029,781584
서문여고,37.4893047,126.9854971,1932977
서빙고동주민센터,37.5204019,126.9946359,1903401
서빙고역 1번,37.519619,126.988375,379548
서서울 골목형상점가,,,329108
서서울호수공원,37.527672,126.829852,2419883
서연중학교,37.5681227,126.9275219,2465672
서울고교교차로,37.4826983,127.0044586,1083191
서울공연예술고등학교,37.5000864,126.8322027,289989
서울과학기술대,37.6316684,127.0774813,411915
서울교통공사,37.550263,126.9970831,1556526
서울국제고등학교,37.5913374,126.995978,7780143
서울금융고등학교,37.5373858,126.825653,974845
서울나래학교(염곡어린이공원),37.4631044,127.0543817,184571
서울남부지방법원,37.5215724,126.8635459,2685359
서울대병원,37.5795427,126.9990602,1666179
서울대입구역,37.48121,126.952712,13256419
서울대입구역 8번,37.48121,126.952712,6058398
서울독일학교,37.5372993,127.0118666,348361
서울북부고용노동지청,37.6348205,127.0342142,2622908
서울산업정보학교(서울삼성초등학교),37.468074,126.941004,2090464
서울서부지방법원,37.5491362,126.9554862,6849161
서울세관,37.5183709,127.034412,3225224
서울숲역,37.543655,127.044703,693014
서울숲역 1번,37.5652129,126.9773517,1293825
서울숲카페거리,37.5465886,127.0425148,1443731
서울시립대,37.5838657,127.0587771,9650095
서울시립영등포장애인복지관,37.5223245,126.9101692,129265
서울시인재개발원,37.4803512,127.0221507,976520
서울시청,37.5665851,126.9782038,2225943
서울시흥동우체국(홈플러스시흥점),37.4516322,126.901261,566588
서울약령시장,37.5790597,127.0370361,6026369
서울여자간호대학교,37.597475,126.947416,3355403
서울역,37.555946,126.972317,3885494
서울역 12번,37.555946,126.972317,3046757
서울역 15번,,,5820132
서울중앙시장(신중앙시장),37.5661516,127.0196647,8408742
서울지방병무청,37.5055216,126.9192084,5067893
서울축산농협 독산역지점(독산파출소),37.4659942,126.8895083,2256198
서울프랑스학교,37.4955662,126.9976927,1299114
서원동상점가,37.480314,126.9333544,3674978
서원동주민센터(신관중학교),37.480068,126.9343102,2064250
서일대학교,37.5866169,127.0977436,5214822
서초3동사거리,37.4843027,127.011194,5958493
서초동성당,37.4925378,127.0218018,1878489
서초소방서,37.4984469,126.992009,421284
서초역,37.49184,127.007688,5431073
서초우방유쉘아파트,37.4898226,127.0111629,1001620
서초중학교,37.4852135,127.0089395,2208931
서촌(경복궁역),,,5300033
석계역 1번,37.6150815,127.0657675,1458216
석계역 2번,,,1201881
석계역 7번,37.6150815,127.0657675,5157711
석관고등학교,37.610067,127.0664232,1481992
석관시장,37.6093673,127.0603274,320666
석관중앙교회,37.6085519,127.0617079,8512377
석수역 1번 출입구,37.4358745,126.9134346,628242
석촌고분역,37.502474,127.097001,2850443
석촌고분역 1번,37.502474,127.097001,7940210
석촌고분역 3번,37.502474,127.097001,2640757
석촌고분역 4번,37.502474,127.097001,4481373
석촌시장,37.5005161,127.1077877,1204640
석촌역 3번,,,6994331
석촌역 6번,37.5057138,127.1070689,3731184
석촌역 7번,37.5057138,127.1070689,6595767
석촌역(석촌호수),37.5057138,127.1070689,8550495
석촌중학교(방이육교),37.5009527,127.1209225,1559753
선릉역,37.504487,127.048957,21670795
선사초등학교,37.5560664,127.1285963,124693
선유도역 1번,37.537936,126.893818,6754583
선유도역 6번,37.537936,126.893818,3183499
선유도역 골목형상점가,37.537936,126.893818,1256694
선일여고,37.6191904,126.9129448,3813780
선정릉역,37.5102747,127.0438167,8688271
선정릉역 4번,37.5102747,127.0438167,3071842
선정중학교,37.6185259,126.9081422,5115831
성곡미술관,37.5731157,126.9697643,2438521
성균관대학교,37.588227,126.993606,5785156
성남고등학교,37.5051247,126.926143,3303079
성내전통시장,37.5340018,127.1278462,2630563
성내중학교,37.528762,127.1295964,2001697
성내천어린이공원(하니사랑길),37.5267645,127.1239287,4574000
성대전통시장(성대시장),37.500166,126.931578,1166894
성동구립금호도서관,37.5541497,127.0249402,384093
성동구보건소,37.5674274,127.0329852,1849821
성동세무서,37.5485086,127.0627715,1173568
성동용답상가시장,37.5673732,127.0533104,3854038
성동초등학교,37.5329367,127.0895315,2133103
성미산체육관,37.5623267,126.9119675,2440881
성북구청,37.589366,127.016743,2053388
성북초등학교앞,35.1515174,129.0677358,561423
성산중학교,37.5471472,126.9158373,3591476
성서초등학교,35.1455028,129.061616,4872779
성수119안전센터,37.537151,127.0606567,5794336
성수1가1동주민센터,37.5420391,127.0496855,681977
성수2가3동주민센터,37.5482051,127.0552403,2080969
성수대교남단,37.5370472,127.0349351,3889166
성수동카페거리,37.5429545,127.0565597,3334209
성수역,37.5406846,127.0566319,5649594
성수역 골목형상점가,,,175383
성수초등학교,37.4342759,127.1270976,6075318
성신여대,37.5912999,127.0221068,10674671
성신여대운정그린캠퍼스,37.6319166,127.0273517,5347904
성신여대입구역 1번,37.59272,127.016544,5194324
성신여대입구역 4번,37.59272,127.016544,3681835
성신여대입구역 7번,37.59272,127.016544,6399286
성심여자고등학교,35.8130664,127.1507151,6285973
성원어린이공원,,,742816
성원중학교,37.5391784,127.0519631,5078892
성자초등학교,37.5313201,127.0831476,2300304
세검정,37.6008708,126.9597653,464934
세검정초등학교,37.6032389,126.9609644,2159037
세곡초등학교,37.2561385,127.0286265,7556919
세명컴퓨터고등학교,37.6275889,126.9231578,3673002
세운상가가동,,,528631
세종대왕기념관교차로,37.590783,127.0435458,1063149
세종대학교,37.5507583,127.0741682,929976
세종마을음식문화거리(금천교시장),37.5764955,126.9720026,2670973
세화어린이공원,37.5992547,127.0737648,1192162
솔밭공원역 1번,37.656048,127.013278,2287531
솔밭공원역 2번,37.656048,127.013278,2790608
"솔샘시장(미아6,7동골목시장)",37.6193112,127.0192697,331608
솔숲어린이공원,,,1199969
송정역,,,1021614
송정역 2번,,,820955
송정역 3번,,,7909984
송정역 4번,,,646825
송정체육공원,,,3976438
송중동주민센터,37.6160871,127.0337701,3006617
송중초등학교,37.6171496,127.0314853,10614506
송천동주민센터,37.6182793,127.0238525,954538
송천초등학교,,,11152074
송파나루역,37.510276,127.112224,1635732
송파나루역 1번(송리단길),37.50925,127.1105712,9485632
송파나루역 2번,37.510276,127.112224,3006861
송파나루역 3번,37.510276,127.112224,651877
송파사거리(송파역),37.499739,127.112201,2531558
송파역 2번,,,2837903
송파책박물관,37.4989062,127.1044772,974310
송화벽화시장(송화골목시장),37.5493705,126.8356684,269232
수궁동주민센터,37.4938646,126.8314537,3733007
수락산디자인거리,,,3509712
수락산역 4번,37.677881,127.055293,7867120
수색성당,37.5792604,126.9019157,946654
수색역 1번,37.580855,126.895681,517689
수서역,37.4874685,127.1013245,1029888
수송초등학교,37.6368875,127.0332312,12199236
수유1동주민센터,37.63,127.0175472,6518479
수유동우체국,37.6383275,127.0073721,2964323
수유북부골목시장,,,52169
수유북부시장옆,,,2442639
수유시장옆,37.6307808,127.0229483,5639118
수유역,37.6371095,127.0247325,19405635
수유역 2번,,,4836329
수유재래시장,,,606231
"수유전통시장(수유시장, 수유골목시장)",37.6307808,127.0229483,955409
수유중앙골목시장(수유중앙시장),37.6403461,127.0213277,1305025
수유초등학교,37.6305928,127.0202757,4728106
수유프라자,37.6316665,127.0234632,105030
수일시장,37.582948,126.8951716,102400
수족관거리,,,465232
숙대입구,37.545097,126.971987,9125498
숙대입구역 1번,37.545097,126.971987,3560983
"숙대입구역(남영역, 남영동)",37.545097,126.971987,1500225
숭곡초등학교,37.6084672,127.0327961,11753765
숭례문수입상가(남대문시장),37.5594031,126.9761358,286457
숭실대입구역 1번,37.496374,126.953504,6853082
숭실대입구역 4번,37.496374,126.953504,3398280
숭인시장,37.6130238,127.0289642,256988
시립대앞사거리,37.5838657,127.0587771,2020542
시립서북병원,37.6041401,126.9044682,6697949
시영2단지 무지개종합상가(중계 무지개2단지아파트상가),37.4566579,126.8992025,231651
시영B상가(중계 그린아파트 B 상가),37.6415758,127.0635039,192966
시조사삼거리,37.588589,127.05689,1475823
시청역_1번,37.5657037,126.9768616,262038
시청역_8번,37.5657037,126.9768616,2065605
시흥3동 우편취급국,37.440274,126.9048714,110228
시흥4동주민센터(서울신흥초등학교),37.4596002,126.9088406,2990003
시흥동 은행나무사거리,37.4521586,126.9060353,3923686
시흥초등학교(시흥1동우체국),37.458186,126.905063,3178150
신곡종합시장(신월6동 골목시장),37.5182883,126.8430674,166669
신곡초등학교,35.1701038,129.1819963,5454033
신광명마을,35.1593145,127.9566636,323551
신구중학교,37.5273894,127.0323056,465419
신금호역 4번,37.554468,127.020794,4788406
신금호역 골목형상점가,37.554468,127.020794,527961
신길2동우편취급국,37.5115681,126.9129497,5301163
신길3동주민센터,37.507263,126.9077281,6427495
신길6동주민센터,37.4993327,126.9098355,2372532
신길대성유니드아파트,37.5016803,126.9030065,1540742
신길동홍어거리,37.510919,126.912173,2186771
신길새마을금고신길4동지점,37.513668,126.920136,1267886
신길역 1번,37.517346,126.9164095,2148021
신길역 3번,37.517346,126.9164095,1917978
신내1동주민센터,37.6058889,127.0994634,5247717
신내IC북측,40.339852,127.510093,186362
신내역 1번,37.6126681,127.1032127,182956
신내역 2번,,,12014
신노량진시장(기능상실),,,69606
신논현역,37.504724,127.02538,14865818
신논현역 1번,37.504724,127.02538,5768261
신당 미래유산 먹거리 골목형상점가,,,723744
신당역,37.565669,127.019452,9123950
신당역 3번,,,6615129
신대림초등학교,37.4918204,126.9057565,731692
신대방1동골목상권,,,602459
신대방삼거리역,37.499717,126.928189,3027959
신대방삼거리역 1번,,,8825747
신대방삼거리역 3번,,,3107036
신대방삼거리역 4번(대림초등학교),,,2790110
신대방역 1번,,,2441822
신대방역 2번,,,4397857
신대방역 3번,,,1418495
신대방역 4번,,,3844067
신도림역,,,2255219
신도봉시장,,,170399
신동시장,,,433435
신림역 1번,,,2020606
"신림역 5번(신림동주민센터, 신림동별빛거리)",,,16857941
신림역 8번,,,5065348
신림역(신림),,,18344319
신림우방아파트,,,6007716
신림종합시장,,,110432
신림주공2단지(광신고등학교),,,1532263
신림중앙시장(조원동 펭귄시장),,,498862
신림초등학교,,,3560125
신림현대아파트,,,1198140
신림현대종합상가,,,58210
신목동역,,,1254427
신묵초등학교,,,7616573
신방화역 2번,,,8532752
신방화역 8번,,,2278541
신사1동주민센터,,,6812516
신사상가,,,80308
신사역,,,13303116
신사은행나무공원,,,2142789
신서초등학교,,,1113508
신설동역,,,7999212
신설동역 12번,,,3316961
신설동역 9번,,,5223486
신설종합시장,,,177811
신성시장(신성골목시장),,,759671
신성초등학교,,,6661744
신수동주민센터,,,1945202
신수시장,,,229345
신신림시장(삼성동시장),,,456939
신아타운,,,245556
신영시장,,,544451
신용산역(용산역),,,8378097
신우어린이공원,,,1248202
신원동주민센터,,,2995241
신원시장,,,3124025
신월1동우편취급국,,,5813905
신월1동주민센터,,,4598300
신월1파출소,,,3592216
신월2동주민센터,,,4886766
신월3동 골목시장,,,1186648
신월3동주민센터,,,4065477
신월4동주민센터,,,4043917
"신월7동 골목시장(약수시장, 우성상가)",,,248846
신월7동주민센터,,,1786743
신월문화체육센터,,,2222787
신월시영아파트중문,,,730456
신월중앙시장,,,257737
신월중학교,,,1418343
신자초등학교,,,5521557
신정1동 골목시장(신정제일시장),,,417046
신정2동 골목시장(오목교중앙시장),,,1820861
신정2동주민센터,,,3417350
신정3동 골목시장,,,184832
신정네거리역,,,3666464
신정네거리역 2번,,,3747513
신정네거리역 4번,,,871938
신정롯데캐슬아파트,,,5851342
신정역 1번,,,4809971
신정역 5번,,,8149390
신중초등학교,,,3621863
신진과학기술고등학교,,,2487936
신창초등학교,,,13547867
신촌 상인회(신촌상점가),,,394961
신촌역 6번,,,445685
"신촌역(신촌역, 신촌로터리)",,,28125462
신풍역 1번,,,3742670
신풍역 2번,,,526298
신풍역 3번,,,470536
신풍역 6번(신길6동공영주차장),,,229673
신한은행 방학동지점,,,1362181
신한은행 신월동지점,,,5669333
신흥시장,,,1476244
싸리고개근린공원,,,937566
쌍문2동우체국,,,3509417
쌍문시장(쌍문역골목시장),,,6562361
쌍문역1번(쌍리단길),,,3602907
쌍문역동측상점가,,,1373861
쌍문역둘리상점가,,,639247
쌍문초등학교,,,6291892
아래방죽마을공원(율현초등학교),,,229309
아차산역,,,5283786
아차산역 1번,,,3244114
아차산역 5번,,,1809561
아카데미하우스,,,1741745
아현가구거리상점가,,,9006425
아현시장,,,1137082
아현역 1번,,,774184
아현역 2번,,,4300561
아현역 4번,,,366485
안암역,,,3695572
안암역 2번,,,2093574
안암역 3번,,,6956179
암사동성당(효정하나플러스아파트),,,5240525
암사역,,,3022108
암사역 1번,,,10243521
암사역 2번(서울강동초등학교),,,13334438
암사역 3번(천호동자전거거리),,,5486109
암사역 4번(삼성광나루아파트),,,842225
암사종합시장,,,771382
압구정로데오역(압구정로데오),,,8909921
압구정역,,,8336361
애오개역 3번,,,582178
약수시장,,,1697718
약수역,,,4131831
약수역 7번,,,1807962
양남시장,,,93914
양목초등학교,,,987977
양원초등학교,,,3279851
양재근린공원(양재2동주민센터),,,1592966
"양재시민의숲역(양재동꽃시장, aT센터)",,,2783697
양재시장,,,280771
양재역,,,8922677
양재역 8번(양재동우체국),,,7699812
양재천카페거리,,,1810095
양재화물트럭터미널앞,,,543737
양지어린이공원,,,5072048
양천향교역 2번,,,1339129
양천향교역 5번,,,2792935
양천향교역 7번,,,548938
양평역,,,1949515
양평역 2번,,,909042
양화대교북단,,,2982219
양화초등학교,,,5783255
어린이대공원역,,,6710788
어린이대공원역 3번,,,2609324
어린이대공원역 4번,,,1595930
언남고등학교,,,684675
언북중학교,,,3514646
언북초등학교,,,3063964
언주역 3번,,,4337510
언주역 6번,,,3829901
언주역 8번,,,2251135
언주역(차병원),,,7624292
언주중학교,,,1485974
여의도역(여의도),,,6362499
역삼역,,,19161148
역삼역 4번,,,2582012
역삼역 8번,,,2284688
역삼월드메르디앙아파트,,,1563593
역촌노인복지관,,,6393625
역촌역 2번,,,506315
역촌역 3번,,,6280039
역촌중앙시장,,,189546
연가초등학교,,,8918435
연남동(홍대),,,19360278
연산군묘,,,145469
연서시장,,,613312
연신내상점가(연빛거리),,,6060709
연신내역,,,7807971
연신내역 2번,,,4537962
연신내역 3번,,,1150409
연신내역 4번,,,6358003
연신내역 5번,,,1857053
연신내역 7번,,,5644334
연신내우체국,,,1991880
연신초등학교,,,1418959
연천초등학교,,,2489539
연트럴파크(연남동주민센터),,,4077091
연희대우아파트앞,,,3277119
연희동,,,2191675
연희사러가,,,119938
연희세브란스병원,,,631168
연희어린이공원,,,704495
연희임광아파트,,,867091
연희지하차도,,,2532780
연희초등학교,,,3670887
연희파출소,,,867495
열정도,,,1250446
염곡동 구룡사(포이동성당),,,6649641
염리초등학교,,,500906
염창무학아파트,,,613838
염창역 2번,,,860054
영동교골목시장,,,1723747
영동대교남단,,,889181
영동대교남단교차로,,,1325313
영동전통시장,,,1665150
영동초등학교,,,4002751
영등포구청역,,,7306631
영등포구청역 2번,,,2023065
영등포구청역 6번,,,3344640
영등포동성당,,,619816
영등포본동주민센터,,,667662
영등포시장기계공구상가,,,789438
영등포시장역 1번,,,1049361
영등포시장역 3번,,,397375
영등포시장역 4번,,,831196
영등포역 2번,,,7935616
영등포역(영등포),,,16820934
영등포역지하도상점가,,,491620
영등포유통상가,,,117413
영등포전통시장,,,2323746
영등포청과시장(조광시장),,,5611151
영등포청과시장교차로,,,2209533
영등포푸르지오아파트,,,4811150
영락고등학교,,,5602617
영림시장,,,2157670
영서중학교,,,1187055
영신상가(제일상가),,,180722
영신여고,,,2738084
영신초등학교,,,6171809
영일시장,,,1120860
영중로,,,6791570
영진시장,,,230343
영진시장A동,,,159622
영천시장,,,1963598
영천시장입구,,,4109841
예술인마을,,,3151706
예일여고,,,2915719
오!도봉거리 상점가,,,480135
오거리공원,,,12678883
오금공원(오주중학교),,,2656796
오금역,,,5050968
오금역 4번,,,764878
오동나무공원(송파레미니스1단지),,,3268727
오류2동버들시장,,,6917084
오류고등학교,,,1046547
오류동역,,,2945616
오류동역 1번,,,3315700
오류동역 3번,,,4341800
오류동역 4번,,,602170
오류시장,,,1251479
오류지구대,,,3089924
오목교역,,,7750066
오산고등학교,,,1526402
오산중학교,,,257334
옥수동우편취급국,,,336039
옥수역 6번,,,2165086
옥수터널,,,1185708
옥정중학교,,,617578
온수역 1번,,,108377
온수역 5번(온수산업단지),,,847651
온수역 8번,,,64192
올림픽대교북단,,,1599334
왕십리도선동상점가,,,5236048
왕십리역 9번,,,4422582
왕십리역(왕십리),,,9269831
왕십리파출소,,,1532653
외대앞역 1번,,,5033979
외대앞역 2번,,,2556963
용강동 상점가,,,1738870
용강동주민센터,,,2160256
용두동신동아아파트,,,3240901
용두사거리,,,1259359
용두시장,,,194901
용두초등학교,,,2765798
용두희망어린이공원,,,3935894
용마문화복지센터,,,2079159
용마초등학교,,,6838959
용산구청,,,1469071
용산세무서,,,206338
용산용문시장,,,2317322
용산전자상가(용산역),,,4769141
우리시장,,,1212049
우리은행응암동지점,,,1537980
우리은행체육관,,,2417141
우림골목시장,,,3591051
우림시장,,,213096
우면주공아파트,,,1738027
우사단길,,,10061716
우이골목시장(우이시장),,,1608715
우이천 계성교,,,3545319
우장산롯데캐슬아파트앞,,,1006573
우장산역 1번,,,4052678
우장산역 4번,,,5181564
우장산힐스테이트,,,284729
원남동사거리,,,4094772
원신초등학교(구세군관악영문교회),,,7342080
월계역 3번,,,1603752
월곡역,,,1626537
월곡역 4번,,,537784
월드순복음교회,,,5593803
월드컵경기장역(월드컵경기장),,,35167
월정로시장,,,942965
윗방죽마을공원,,,646828
유엔빌리지길,,,971426
유영시장,,,135831
유진상가,,,91157
은곡마을(은곡마을공원),,,345633
은광여고,,,404592
은마아파트,,,4612503
은마종합상점가,,,13308
은천초등학교(은천교앞),,,5374287
은평구청,,,2561877
은평세무서,,,1508078
은평요양병원,,,2157130
은행나무시장,,,1749190
은행사거리,,,1867546
을지로2가,,,745045
을지로3가역,,,9117246
을지로4가역,,,2944995
을지로입구역,,,3421674
응봉산,,,634916
응암1동주민센터,,,1210025
응암3동주민센터,,,2672493
응암동우체국,,,5955501
응암시장(신응암시장),,,185733
응암역,,,3136755
응암역 2번,,,4015174
응암역 3번,,,12750044
응암오거리상점가,,,1726778
응암정보도서관,,,6661383
의릉,,,1106204
이경시장,,,483453
이대 앞 스타트업 상점가,,,208944
이대역 5번,,,2005703
이문제일시장,,,275679
이북5도청사,,,549665
이수역 10번,,,7910257
이수역 5번,,,1238175
이수역 9번,,,2303696
이촌동점보아파트,,,389802
이촌종합시장,,,535430
이태원 관광특구,,,8431787
이태원(이태원역),,,5774363
이태원시장,,,336412
이태원엔틱가구거리,,,897050
이태원역 북측,,,1660761
이화달팽이길,,,9868611
이화사거리,,,3858246
"이화여대 3,5,7길 상점가",,,3916940
"이화여대(이대역, 이대)",,,5784489
인사동,,,5140681
인수동 우편취급국,,,4018958
인수중학교,,,1375793
인수초등학교,,,722030
인왕시장(홍제골목형상점가),,,108973
인헌고등학교(인헌중학교),,,4752811
인헌시장(원당종합시장),,,1099187
인현시장,,,862397
자동차부품상가,,,2423289
자양4동주민센터,,,8361370
자양골목전통시장(자양골목시장),,,3199456
자양동우체국,,,5803033
자양종합시장(기능상실),,,218985
자양한강도서관,,,5392942
자하문터널,,,658297
잠실 관광특구,,,16497672
잠실나루역,,,168012
잠실새내역(신천),,,10833704
잠실역,,,4618239
잠원역,,,512675
장곡초등학교,,,4213181
장로회신학대학교,,,1300162
장미원골목시장,,,1327489
장미제일시장(중화동제일시장),,,1248836
장석교회,,,951890
장스여성병원,,,2862706
장승배기역,,,1962075
장승배기역 4번,,,2287815
장승배기역 5번,,,3032321
장신구 특화거리 상점가,,,874647
장안1동주민센터,,,11032370
장안교,,,187929
장안근린공원,,,6496585
장안동사거리,,,6749770
장안제일시장,,,4135255
장안중학교,,,2603867
장안초등학교,,,860455
장안현대홈타운1차아파트,,,4239934
장위1동주민센터,,,3034558
장위동성당,,,1845520
장위전통시장,,,1416172
장지동주민센터(한림연예예술고교),,,3972990
장지역(가든파이브),,,810926
장충단 고개,,,2752596
장충동족발거리(남소영길),,,1259415
장충동주민센터,,,3728161
장충초등학교,,,2537980
장평중학교,,,7305121
장한평역(장한평),,,5923420
장훈고등학교,,,1768171
전곡마을마당공원,,,8985608
전곡시장,,,295522
전농119안전센터,,,523024
전농1동주민센터(전농시장),,,1969038
전농로터리시장,,,1246121
전농중학교,,,1447676
절두산순교성지,,,817263
정곡초등학교,,,74466
정독도서관,,,1820552
정릉3동주민센터,,,926097
정릉골 골목형상점가,,,741520
정릉북한산국립공원입구,,,378170
정릉시장,,,1953489
정릉아리랑시장,,,1061823
정릉역 1번,,,7431091
정릉역 2번,,,1251585
정릉우체국,,,3781489
정원여중,,,369660
제기동역 1번,,,3835002
제기동역 6번,,,10581654
제일시장,,,310970
조양시장,,,232173
조원동 펭귄시장(신림중앙시장),,,806785
조원동주민센터,,,1519758
종각역,,,10861207
종로3가역,,,24859799
종로4가,,,2684556
종로5가역,,,4045048
종로5가역 4번,,,1306727
종로6가,,,2104050
종로?청계 관광특구,,,34049992
종로구청,,,1684450
종로신진시장,,,4110785
종암경찰서,,,2969523
종암동주민센터,,,5019342
종암아이파크2차,,,6344049
종암아이파크2차후문,,,409507
종암중학교,,,2884356
종암초등학교,,,611216
중계초등학교,,,368375
중곡1동 마을마당,,,7501576
중곡1동주민센터,,,1239569
중곡3동주민센터,,,11370683
중곡4동주민센터,,,1381927
중곡어린이공원,,,1051548
중곡역 3번,,,2723171
"중곡제일시장(중곡제일골목시장, 광성시장)",,,961520
중곡초등학교,,,3437250
중구청(퇴계로4가),,,3101457
중구회현체육센터(정화예술대남산캠퍼스),,,660495
중대부중,,,2905406
중랑노인종합복지관,,,2549303
중랑동부시장,,,4024460
중랑동부시장(중랑교종합상가),,,163970
중랑역 1번,,,4910953
중랑역 2번,,,634308
중랑역 4번,,,1333035
중림동,,,1840128
중부경찰서(영화인의거리),,,5226467
중부시장(신중부시장),,,4596656
중암중학교,,,544418
중앙고등학교,,,1849467
중앙대학교,,,5014353
중앙보훈병원,,,578071
중화역 1번,,,7056101
중화역 4번,,,4668270
증산3교남측,,,931033
증산골목시장,,,412140
증산역 1번,,,7432887
증산역 3번,,,3561556
증산역 4번,,,4275023
증산종합시장,,,73136
지향초등학교,,,358754
창2동주민센터,,,7409244
창덕궁,,,2318907
창동골목시장,,,2040382
창동신창시장,,,3234467
창동역,,,1597250
창동역 2번,,,2306433
창동역상점가,,,714343
창동중학교,,,598829
창신1동주민센터,,,1289943
창신골목시장,,,3095781
창신역 1번,,,257989
창신역 4번,,,2651806
천동초등학교,,,2423659
"천왕역 3번(오류2동주민센터, 서울오류남초등학교)",,,224943
천일초등학교,,,2208229
천호1동주민센터,,,10132912
천호공원(해공체육문화센터),,,3644599
천호역,,,5236232
천호역 1번(천호문구완구거리),,,5284477
천호역 6번,,,11291577
천호지구대(천호동자전거거리),,,5234254
천호초등학교,,,5757638
천호태영아파트,,,1378426
청계산원터골,,,12
청계산입구역 2번(내곡동주민센터),,,61601
청계천공구상가,,,1845183
청계천박물관,,,2372147
청구역 1번,,,3799497
청구역 3번,,,4232317
청담근린공원,,,962034
청담사거리(청담동명품거리),,,6487464
청담삼익시장,,,94191
청담역 12번,,,214512
청담역 3번,,,535440
청담초등학교,,,1266017
청량리농수산물시장,,,1576126
청량리수산시장,,,254264
청량리역(청량리),,,3569591
청량리전통시장,,,1655175
청량리종합시장,,,1426108
청량리청과물시장,,,600750
청량종합도매시장,,,1884701
청량초등학교,,,2227368
청룡동주민센터,,,3101192
청림동주민센터(상도중학교),,,2196843
청와대사랑채,,,293009
청운초등학교,,,156736
청평화시장,,,240614
체부동홍종문가옥,,,494058
"총신대입구역(이수, 총신대)",,,14917164
총신대학교,,,580433
촬영소사거리,,,858710
충무로역,,,6946811
충무초등학교,,,3234973
충신시장,,,947817
충신시장옆,,,1433744
충정로역,,,2002628
충정로역 3번,,,1452457
충정로역 6번,,,4323607
충정로역 7번,,,20513609
충정로현대아파트,,,1875140
코엑스,,,206270
큰굴다리,,,3156458
태능엔터피아(태릉시장),,,198326
태릉시장 특화거리,,,2692671
태릉입구역,,,1788043
태릉입구역 4번,,,2015223
텃골근린공원,,,4838967
테크노상가(엘리시움),,,541486
통인시장,,,1566438
퇴계로5가,,,2510565
투구봉어린이공원,,,1435070
평창동동측,,,147518
평창동서측,,,531563
"평화시장(남평화시장, 제일평화시장, 신평화패션타운)",,,237408
"평화시장(통일상가, 동화상가)",,,435872
포방터시장,,,1165754
포스코사거리,,,13779373
포이사거리(삼호물산),,,7863157
포이초등학교(개포목련어린이공원),,,3529380
푸른동산공원,,,4434046
푸른들청소년도서관,,,6751694
푸른터시장(기능상실),,,139752
풍납시장,,,5591975
풍납초등학교(풍납백제문화공원),,,503613
필동 골목형상점가,,,227240
하나고등학교,,,48067
하나은행 망우동지점,,,2150382
학동근린공원,,,1692717
학동사거리,,,5319648
학동역,,,8684514
학동초등학교,,,1368812
한강로동땡땡거리(은행나무길),,,3236355
한강미주맨션아파트,,,219585
한강성심병원,,,2077213
한강진역 3번,,,1921688
한겨레신문사,,,4112848
한국SGI본부,,,3852257
한국교통안전공단 강남자동차검사소,,,6276
한국상담대학원대학교,,,390840
한국의류시험연구원,,,2543009
한국폴리텍대학서울정수캠퍼스,,,2565754
한남IC,,,1476177
한남오거리,,,2480908
한남초등학교,,,216246
한남힐사이드아파트,,,981391
한림대학교한강성심병원,,,434100
한성대입구역,,,2642581
한성대입구역 3번,,,8657480
한성대입구역 5번,,,3352118
한성백제역 3번,,,5835672
한아름시장,,,513451
한양공고앞 교차로,,,3883946
"한양대앞상점가(한양시장, 왕십리맛골목)",,,2489186
한양대역 4번,,,875811
한영중고,,,1678370
한울중학교,,,3014850
한일병원,,,1570454
한전아트센터,,,2660634
한티역,,,4071473
합정시장,,,209528
합정역,,,6347394
합정역 8번,,,6740227
해방촌 남동측,,,6463602
해방촌예술마을,,,6522395
해오름공원,,,4853462
행당시장상점가,,,3269488
행당역 2번,,,3085128
헌인가구단지,,,28
혜원여고,,,1147012
혜화역 1번,,,1538089
혜회동주민센터,,,1169663
호림박물관(성보고등학교),,,1819350
홍남교남측,,,175713
홍대 걷고싶은 거리,,,2464559
홍대땡땡거리,,,3349230
홍대부속여중고앞,,,3340123
홍대부중,,,596514
홍대소상공인상점가,,,2347480
홍대입구역 3번,,,3833896
홍대입구역(홍대),,,17263712
홍릉근린공원,,,1901819
홍릉시장,,,986923
홍연시장,,,3902785
홍은종합사회복지관,,,1644619
홍은중학교,,,1509526
홍익대,,,1717405
홍익지구대,,,1025074
홍제3동주민센터,,,4135650
홍제성원아파트,,,298106
홍제역,,,5074995
홍제역 2번,,,1803846
홍제역 3번,,,1083717
홍제역 4번,,,2547279
홍지문,,,31450
홍파초등학교,,,1360474
화계역 2번,,,2398312
화계중학교,,,1378617
화곡2동주민센터,,,6227217
화곡4동주민센터,,,6584223
화곡보람2차아파트,,,267190
화곡본동시장,,,1014022
화곡역,,,7337603
화곡역 2번,,,4363026
화곡역 4번,,,19342326
화곡역 5번,,,9555594
화곡중앙시장,,,858390
화곡초등학교,,,3096372
화랑대역 7번,,,1990222
화랑대철도공원,,,493934
화양사거리,,,8158045
화양제일골목시장,,,1051341
화원어린이공원,,,1091350
화원중학교,,,1853034
황학동벼룩시장,,,1984561
황학동주방가구거리상점가,,,4003744
"황학시장(서울중앙시장, 신중앙시장)",,,3464902
황학코아루아파트,,,3032919
회기시장,,,1508604
회기역,,,5133205
회기역 1번,,,3061436
회기역 2번,,,217504
회현역,,,3090221
회현역 1번,,,348929
효문고등학교,,,681615
효창공원앞역 2번,,,5331780
효창공원앞역 5번,,,3477526
효창공원앞역 6번,,,2716800
효창동주민센터,,,5112800
후암동주민센터,,,7977427
후암시장,,,497568
휘문고교사거리,,,1345551
흑리단길,,,674336
흑석2치안센터,,,676633
흑석시장,,,337454